{"type": "block", "layer": 3, "block": 2, "features": [{"geom": {"pts": [[-21.639998649071085, 11.888521934880258, 4.169930559743302]], "r": 0.9045274372509847}, "mtl": 0, "prop": ["6743735785", "NULL", "lift_gate", "NULL", "NULL", "NULL", "NULL", "NULL", "NULL", "\"access\"=>\"private\""], "lh": 6.776137159582866}, {"geom": {"pts": [[11.44070578848807, 23.905796669016087, 4.169930559743302]], "r": 0.9045274372509847}, "mtl": 0, "prop": ["6799231404", "NULL", "NULL", "NULL", "NULL", "NULL", "NULL", "NULL", "chimney", "NULL"], "lh": 6.776137159582866}]}